AVpf3txeLJeJML43FN82,Microsoft Surface Pro 4 Type Cover with Fingerprint ID,Microsoft Surface Pro 4 Type Cover with Fingerprint ID,4,60,60
AVpgMuGwLJeJML43KY_c,Boytone - 2500W 2.1-Ch. Home Theater System - Black Diamond,Boytone - 2500W 2.1-Ch. Home Theater System - Black Diamond,5,60,60
AVphzgbJLJeJML43fA0o,Sanus VLF410B1 10-Inch Super Slim Full-Motion Mount for 37 - 84 Inches TV's,Sanus VLF410B1 10-Inch Super Slim Full-Motion Mount for 37 - 84 Inches TV's,5,60,60
AWIm0C3TYSSHbkXwx3S6,Ultimate Ears MEGABLAST Portable Wi-Fi/Bluetooth Speaker with hands-free Amazon Alexa voice control (waterproof) - Graphite Black,Ultimate Ears MEGABLAST Portable Wi-Fi/Bluetooth Speaker with hands-free Amazon Alexa voice control (waterproof) - Graphite Black,5,60,60
AVpfnp8HLJeJML43AmVi,Flipside 300 Backpack (Black),Flipside 300 Backpack (Black),4,60,60
AV1YFmcQglJLPUi8IGd1,Corsair CMSA8GX3M2A1066C7 Apple 8 GB Dual Channel Kit DDR3 1066 (PC3 8500) 204-Pin DDR3 Laptop SO-DIMM Memory 1.5V,Corsair CMSA8GX3M2A1066C7 Apple 8 GB Dual Channel Kit DDR3 1066 (PC3 8500) 204-Pin DDR3 Laptop SO-DIMM Memory 1.5V,5,60,60
AVpgF1BOilAPnD_xnTsK,iHome Rechargeable Splash Proof Stereo Bluetooth Speaker - Black (IBT33BC),iHome Rechargeable Splash Proof Stereo Bluetooth Speaker - Black (IBT33BC),1,60,60
AVpiUMISilAPnD_xC-hu,Verizon MiFi 6620L Jetpack 4G LTE Mobile Hotspot (Verizon Wireless),Verizon MiFi 6620L Jetpack 4G LTE Mobile Hotspot (Verizon Wireless),5,60,60
AVpfIjJULJeJML433Ga2,JVC KD-X320BTS Apple iPod and Android Digital Media Receiver with Bluetooth,JVC KD-X320BTS Apple iPod and Android Digital Media Receiver with Bluetooth,5,60,60
AVphRsH11cnluZ0-Agzr,"JBL - 6"" x 8"" 2-Way Coaxial Car Speakers with Polypropylene Cones (Pair) - Black","JBL - 6"" x 8"" 2-Way Coaxial Car Speakers with Polypropylene Cones (Pair) - Black",5,60,60
AVpf24SVLJeJML43FAIX,Lenovo - AC Adapter for Select Lenovo Yoga Laptops - Black,Lenovo - AC Adapter for Select Lenovo Yoga Laptops - Black,5,60,60
AVzNjwZZ-jtxr-f3yc_y,SiriusXM SXEZR1V1 XM Onyx EZR Satellite Radio Receiver with Vehicle Kit,SiriusXM SXEZR1V1 XM Onyx EZR Satellite Radio Receiver with Vehicle Kit,5,60,60
AVpf2pgLilAPnD_xjed4,PNY Anarchy 16GB Kit (2x8GB) DDR4 2400MHz (PC4-19200) CL15 Desktop Memory (BLUE) - MD16GK2D4240015AB,PNY Anarchy 16GB Kit (2x8GB) DDR4 2400MHz (PC4-19200) CL15 Desktop Memory (BLUE) - MD16GK2D4240015AB,5,60,60
AVpg8i6NilAPnD_xzQdN,Slingbox M2,Slingbox M2,1,60,60
AVpfKRGKLJeJML433rPX,Sony SRSHG1/BLK Hi-Res Wireless Speaker- Charcoal black,Sony SRSHG1/BLK Hi-Res Wireless Speaker- Charcoal black,5,60,60
AVpgswjcLJeJML43Ro-G,"Midland Weather Alert Radio, 1.0 CT","Midland Weather Alert Radio, 1.0 CT",5,60,60
AVpfjP9uilAPnD_xdy6-,Sony Mini Digital Video Cassettes - DVC - 1 Hour,Sony Mini Digital Video Cassettes - DVC - 1 Hour,5,60,60
AVpfgGwSLJeJML43-VCn,SRS-ZR7 Wireless Speaker,SRS-ZR7 Wireless Speaker,3,60,60
AV13V_i2glJLPUi8PFgb,Toshiba - 3TB Internal Serial ATA III Hard Drive for Desktops,Toshiba - 3TB Internal Serial ATA III Hard Drive for Desktops,1,60,60
AVpiEA1f1cnluZ0-JaoG,"Power Acoustik - Gothic Series 10"" Dual-Voice-Coil 2-Ohm Subwoofer - Black","Power Acoustik - Gothic Series 10"" Dual-Voice-Coil 2-Ohm Subwoofer - Black",4,60,60
AVpivePGilAPnD_xHH0l,The Rebel BT On-Ear Wireless Bluetooth Headphones (Black),The Rebel BT On-Ear Wireless Bluetooth Headphones (Black),4,60,60
AVpio2wSilAPnD_xGGln,CRX-322 CD Receiver,CRX-322 CD Receiver,4,60,60
AVpfVJXu1cnluZ0-iwTT,"DreamWave - Tremor Portable Bluetooth Speaker - Green,Black","DreamWave - Tremor Portable Bluetooth Speaker - Green,Black",5,60,60
AVpe7vI_ilAPnD_xRMq2,Alpine,Alpine,4,60,60
AVwvGPRyU2_QcyX9R3FW,XPS 8920 Tower Desktop Computer,XPS 8920 Tower Desktop Computer,5,60,60
AVpftC_FLJeJML43CLs8,Air-Fi Runaway AF32 Stereo Bluetooth Wireless Headphones with Hidden Microphone (White),Air-Fi Runaway AF32 Stereo Bluetooth Wireless Headphones with Hidden Microphone (White),5,60,60
AV4GShTMvKc47QAVrFsX,SAMSUNG 40'' Class FHD (1080P) Smart LED TV (UN40M5300),SAMSUNG 40'' Class FHD (1080P) Smart LED TV (UN40M5300),5,60,60
AVphUeKeilAPnD_x3-Be,NS-SP1800BL 5.1-Channel Home Theater System (Black),NS-SP1800BL 5.1-Channel Home Theater System (Black),5,60,60
AVpf0Nyo1cnluZ0-rzhu,Acoustimass 6 Series V Home Theater Speaker System (Black),Acoustimass 6 Series V Home Theater Speaker System (Black),5,60,60
AVqlHaLknnc1JgDc3m5y,Logitech G403 Wireless Gaming Mouse with High Performance Gaming Sensor,Logitech G403 Wireless Gaming Mouse with High Performance Gaming Sensor,3,60,60
AVpjedgc1cnluZ0-W4NI,Sony MEXM100BT 160W RMS Marine CD Receiver with Bluetooth (Black) and SiriusXM Ready,Sony MEXM100BT 160W RMS Marine CD Receiver with Bluetooth (Black) and SiriusXM Ready,5,60,60
AVsRhL-fQMlgsOJE6zvB,Sony SRSXB30/BLK XB30 Portable Wireless Speaker with Bluetooth,Sony SRSXB30/BLK XB30 Portable Wireless Speaker with Bluetooth,2,60,60
AVpfuJ4pilAPnD_xhDyM,Sony LBT-GPX555 Mini-System with Bluetooth and NFC,Sony LBT-GPX555 Mini-System with Bluetooth and NFC,4,60,60
AVpg59zyilAPnD_xyv3y,NS-IW480CWH In-Ceiling 8 Natural Sound Three-Way Speaker System (Pair),NS-IW480CWH In-Ceiling 8 Natural Sound Three-Way Speaker System (Pair),3,60,60
AVpgGPyq1cnluZ0-wbTJ,Motorola Wi-Fi Pet Video Camera,Motorola Wi-Fi Pet Video Camera,4,60,60
AVpjI0B41cnluZ0-T5TH,"AW6500 All-Weather Outdoor Speaker (White, Single)","AW6500 All-Weather Outdoor Speaker (White, Single)",4,60,60
AVpiFC-LilAPnD_xAgKu,"Alpine - 6-1/2"" 2-Way Coaxial Car Speakers with Polypropylene Cones (Pair) - Black","Alpine - 6-1/2"" 2-Way Coaxial Car Speakers with Polypropylene Cones (Pair) - Black",4,60,60
AVpgjaudilAPnD_xuDKC,Travel RockStar 3-in-1 2A USB and Dual-Outlet Wall Charger with Internal 3000mAh Battery Pack,Travel RockStar 3-in-1 2A USB and Dual-Outlet Wall Charger with Internal 3000mAh Battery Pack,5,60,60
AVpiAzN7ilAPnD_x_wOJ,Bowers & Wilkins P7 Wired Over Ear Headphones,Bowers & Wilkins P7 Wired Over Ear Headphones,4,60,60
AVpfnuDailAPnD_xfKZY,Everest Elite 700 Around-Ear Wireless Headphones (White),Everest Elite 700 Around-Ear Wireless Headphones (White),5,60,60
AVpi-P111cnluZ0-SVqq,Clarity - Super-Loud Phone Ringer - White,Clarity - Super-Loud Phone Ringer - White,4,60,60
AVpg8GjjLJeJML43Uplr,House of Marley EM-DH003-PS TTR Noise-Cancelling Over-Ear Headphones (Black),House of Marley EM-DH003-PS TTR Noise-Cancelling Over-Ear Headphones (Black),5,60,60
AV2Zps11GV-KLJ3al16A,Toshiba Micro Component Speaker System: Wireless Bluetooth Speaker Sound System with FM,Toshiba Micro Component Speaker System: Wireless Bluetooth Speaker Sound System with FM,5,60,60
AVpe5iL11cnluZ0-ZVzB,"Kicker 41IK5BT2V2 Amphitheater High-Performance Audio System with Bluetooth, Black","Kicker 41IK5BT2V2 Amphitheater High-Performance Audio System with Bluetooth, Black",5,60,60
AVpe9BGF1cnluZ0-annA,Prime Three-Way Center Channel Speaker (Premium Black Ash),Prime Three-Way Center Channel Speaker (Premium Black Ash),5,60,60
AVpfVI9wilAPnD_xZxH-,2TB Red 5400 rpm SATA III 3.5 Internal NAS HDD,2TB Red 5400 rpm SATA III 3.5 Internal NAS HDD,5,60,60
AV15fqDs-jtxr-f38R4C,Nighthawk AC1900 Dual-Band Wi-Fi USB Adapter,Nighthawk AC1900 Dual-Band Wi-Fi USB Adapter,4,60,60
AVpgnnzJilAPnD_xu_7Q,Samsung Universal 3100mAh Portable External Battery Charger - White,Samsung Universal 3100mAh Portable External Battery Charger - White,5,60,60
AVpgfP3DilAPnD_xtG3M,Logitech 915-000224  Harmony Ultimate One 15-Device Universal Infrared Remote with Customizable Touch Screen Control - Black,Logitech 915-000224  Harmony Ultimate One 15-Device Universal Infrared Remote with Customizable Touch Screen Control - Black,1,60,60
AVpe8ZRY1cnluZ0-aY4H,Round LCD/Projector Ceiling Plate - Black,Round LCD/Projector Ceiling Plate - Black,4,60,60
3,Logitech G Pro,"""Professional Grade Wired Gaming Mouse""",5,60,60
4,Razer DeathAdder,"Ergonomic Gaming Mouse with 16,000 DPI",4,60,60
5,Corsair Ironclaw,"Wireless RGB Gaming Mouse with 18,000 DPI",3,60,60
6,SteelSeries Rival 650,Quantum Wireless Gaming Mouse,4,60,60
7,Microsoft Surface Precision,Bluetooth Mouse with Programmable Buttons,5,60,60
8,Logitech G Pro X,Mechanical Gaming Keyboard with RGB Lighting,6,60,60
9,Razer BlackWidow,Mechanical Gaming Keyboard with Green Switches,5,60,60
10,Corsair K95 RGB,Platinum Mechanical Gaming Keyboard,4,60,60
11,HyperX Alloy FPS Pro,Compact Mechanical Gaming Keyboard,45,60,60
12,SteelSeries Apex Pro,Mechanical Gaming Keyboard with OLED Smart Display,4,60,60
13,Dell UltraSharp U2720Q,27-Inch 4K UHD LED Backlit Monitor,5,60,60
14,LG 34WN80C-B,34-Inch Ultrawide QHD IPS Monitor,4,60,60
15,Samsung Odyssey G7,32-Inch 240Hz Curved Gaming Monitor,5,60,60
16,Asus ROG Swift PG279Q,27-Inch 165Hz Gaming Monitor,4,60,60
17,BenQ PD3200U,32-Inch 4K Designer Monitor with HDR,5,60,60
18,Sennheiser HD 800 S,Open Back Reference Headphones,4,60,60
19,Sony WH-1000XM4,Wireless Noise Cancelling Overhead Headphones,5,60,60
20,Bose Noise Cancelling Headphones 700,Bluetooth Headphones,4,60,60
21,Audio-Technica ATH-M50X,Professional Studio Monitor Headphones,5,60,60
22,Beats Solo Pro,Wireless Noise Cancelling On-Ear Headphones,4,60,60
23,Apple AirPods Pro,Wireless Earphones with Active Noise Cancellation,5,60,60
24,Jabra Elite 75t,True Wireless Earbuds with Noise Cancelling,4,60,60
25,Samsung Galaxy Buds Pro,True Wireless Earbuds with ANC,5,60,60
26,Sony WF-1000XM4,True Wireless Noise Cancelling Earbuds,5,60,60